"pos_variant","mean_score","Is_critical","Is_in_guideline"
"M_1",-7.66,"in_gray_zone","no"
"T_2",-3.82,"no","no"
"A_3",-5.7,"no","no"
"C_4",-3.44,"no","no"
"A_5",-5.51,"no","no"
"R_6",-5.45,"no","no"
"R_7",-5.53,"no","no"
"A_8",-5.42,"no","no"
"G_9",-5.32,"no","no"
"G_10",-5,"no","no"
"L_11",-4.44,"no","no"
"P_12",-5.55,"no","no"
"D_13",-3.04,"no","no"
"P_14",-6.77,"in_gray_zone","no"
"G_15",-6.12,"no","no"
"L_16",-4.9,"no","no"
"C_17",-4.17,"no","no"
"G_18",-5.6,"no","no"
"P_19",-5.95,"no","no"
"A_20",-5.67,"no","no"
"W_21",-3.08,"no","no"
"W_22",-2.93,"no","no"
"A_23",-5.46,"no","no"
"P_24",-6.49,"no","no"
"S_25",-4.24,"no","no"
"L_26",-4.99,"no","no"
"P_27",-7.15,"in_gray_zone","no"
"R_28",-5.68,"no","no"
"L_29",-5.38,"no","no"
"P_30",-7.21,"in_gray_zone","no"
"R_31",-5.92,"no","no"
"A_32",-5.15,"no","no"
"L_33",-6.15,"no","no"
"P_34",-7.25,"in_gray_zone","no"
"R_35",-4.97,"no","no"
"L_36",-7.87,"in_gray_zone","no"
"P_37",-6.93,"in_gray_zone","no"
"L_38",-8.03,"in_gray_zone","no"
"L_39",-9.39,"yes","no"
"L_40",-9.81,"yes","no"
"L_41",-9.45,"yes","no"
"L_42",-9.42,"yes","no"
"L_43",-9.18,"yes","no"
"L_44",-8.01,"in_gray_zone","no"
"L_45",-7.68,"in_gray_zone","no"
"Q_46",-3.89,"no","no"
"P_47",-7.65,"in_gray_zone","no"
"P_48",-7.43,"in_gray_zone","no"
"A_49",-7.43,"in_gray_zone","no"
"L_50",-5.51,"no","no"
"S_51",-6.36,"no","no"
"A_52",-6.59,"in_gray_zone","no"
"V_53",-8.12,"in_gray_zone","no"
"F_54",-10.07,"yes","no"
"T_55",-7.85,"in_gray_zone","no"
"V_56",-12.62,"yes","no"
"G_57",-14.24,"yes","no"
"V_58",-10.99,"yes","no"
"L_59",-10.41,"yes","no"
"G_60",-12.02,"yes","no"
"P_61",-10.95,"yes","no"
"W_62",-15.81,"yes","no"
"A_63",-8.2,"in_gray_zone","no"
"C_64",-14.3,"yes","no"
"D_65",-12.03,"yes","no"
"P_66",-13.76,"yes","no"
"I_67",-9.29,"yes","no"
"F_68",-13.08,"yes","no"
"S_69",-8.58,"yes","no"
"R_70",-11.21,"yes","no"
"A_71",-14.49,"yes","no"
"R_72",-9.31,"yes","no"
"P_73",-15.05,"yes","no"
"D_74",-7.7,"in_gray_zone","no"
"L_75",-9.16,"yes","no"
"A_76",-13.79,"yes","no"
"A_77",-10.15,"yes","no"
"R_78",-11.54,"yes","no"
"L_79",-13.93,"yes","no"
"A_80",-16.04,"yes","no"
"A_81",-8.8,"yes","no"
"A_82",-8.12,"in_gray_zone","no"
"R_83",-12.13,"yes","no"
"L_84",-10.14,"yes","no"
"N_85",-6.88,"in_gray_zone","no"
"R_86",-9.26,"yes","no"
"D_87",-8.59,"yes","no"
"P_88",-8.6,"yes","no"
"G_89",-6.55,"in_gray_zone","no"
"L_90",-6.9,"in_gray_zone","no"
"A_91",-7.46,"in_gray_zone","no"
"G_92",-7.53,"in_gray_zone","no"
"G_93",-9.62,"yes","no"
"P_94",-5.08,"no","no"
"R_95",-7.01,"in_gray_zone","no"
"F_96",-6.9,"in_gray_zone","no"
"E_97",-8.08,"in_gray_zone","no"
"V_98",-9.64,"yes","no"
"A_99",-7.97,"in_gray_zone","no"
"L_100",-8.64,"yes","no"
"L_101",-10.43,"yes","no"
"P_102",-7.6,"in_gray_zone","no"
"E_103",-10.66,"yes","no"
"P_104",-10.58,"yes","no"
"C_105",-6.64,"in_gray_zone","no"
"R_106",-6.27,"no","no"
"T_107",-7.12,"in_gray_zone","no"
"P_108",-7.02,"in_gray_zone","no"
"G_109",-4.71,"no","no"
"S_110",-7.43,"in_gray_zone","no"
"L_111",-9.09,"yes","no"
"G_112",-8.6,"yes","no"
"A_113",-8.76,"yes","no"
"V_114",-8.8,"yes","no"
"S_115",-6.01,"no","no"
"S_116",-6.41,"no","no"
"A_117",-9.17,"yes","no"
"L_118",-8.41,"in_gray_zone","no"
"A_119",-7.66,"in_gray_zone","no"
"R_120",-7.96,"in_gray_zone","no"
"V_121",-9.98,"yes","no"
"S_122",-5.64,"no","no"
"G_123",-13.29,"yes","no"
"L_124",-11.98,"yes","no"
"V_125",-13.82,"yes","no"
"G_126",-15.33,"yes","no"
"P_127",-13.44,"yes","no"
"V_128",-10.38,"yes","no"
"N_129",-10.5,"yes","no"
"P_130",-12.51,"yes","no"
"A_131",-9.13,"yes","no"
"A_132",-7.44,"in_gray_zone","no"
"C_133",-15.31,"yes","no"
"R_134",-5.83,"no","no"
"P_135",-7.58,"in_gray_zone","no"
"A_136",-12.13,"yes","no"
"E_137",-8.71,"yes","no"
"L_138",-8.93,"yes","no"
"L_139",-11.45,"yes","no"
"A_140",-13.3,"yes","no"
"E_141",-6.57,"in_gray_zone","no"
"E_142",-8.11,"in_gray_zone","no"
"A_143",-5.82,"no","no"
"G_144",-9.37,"yes","no"
"I_145",-5.67,"no","no"
"A_146",-12.54,"yes","no"
"L_147",-9.98,"yes","no"
"V_148",-12.13,"yes","no"
"P_149",-10.81,"yes","no"
"W_150",-12.45,"yes","no"
"G_151",-9.07,"yes","no"
"C_152",-13.2,"yes","no"
"P_153",-6.83,"in_gray_zone","no"
"W_154",0.28,"no","no"
"T_155",-4.64,"no","no"
"Q_156",-4.33,"no","no"
"A_157",-7.24,"in_gray_zone","no"
"E_158",-3.55,"no","no"
"G_159",-9.64,"yes","no"
"T_160",-7.08,"in_gray_zone","no"
"T_161",-12.06,"yes","no"
"A_162",-6.84,"in_gray_zone","no"
"P_163",-11.05,"yes","no"
"A_164",-9,"yes","no"
"V_165",-8.94,"yes","no"
"T_166",-10.34,"yes","no"
"P_167",-9.19,"yes","no"
"A_168",-9.93,"yes","no"
"A_169",-11.06,"yes","no"
"D_170",-9.11,"yes","no"
"A_171",-13.19,"yes","no"
"L_172",-12.46,"yes","no"
"Y_173",-4.5,"no","no"
"A_174",-10.98,"yes","no"
"L_175",-12.6,"yes","no"
"L_176",-13.43,"yes","no"
"R_177",-12.39,"yes","no"
"A_178",-10.48,"yes","no"
"F_179",-12.44,"yes","no"
"G_180",-8,"in_gray_zone","no"
"W_181",-12.26,"yes","no"
"A_182",-11.4,"yes","no"
"R_183",-9.71,"yes","no"
"V_184",-11.05,"yes","no"
"A_185",-11.8,"yes","no"
"L_186",-14.14,"yes","no"
"V_187",-14.22,"yes","no"
"T_188",-11.97,"yes","no"
"A_189",-14.74,"yes","no"
"P_190",-10.81,"yes","no"
"Q_191",-12.83,"yes","no"
"D_192",-8.15,"in_gray_zone","no"
"L_193",-10.07,"yes","no"
"W_194",-15.52,"yes","no"
"V_195",-10.82,"yes","no"
"E_196",-8.32,"in_gray_zone","no"
"A_197",-12.21,"yes","no"
"G_198",-13.49,"yes","no"
"R_199",-10.28,"yes","no"
"S_200",-5.79,"no","no"
"L_201",-12.29,"yes","no"
"S_202",-8.77,"yes","no"
"T_203",-8.69,"yes","no"
"A_204",-9.94,"yes","no"
"L_205",-15.66,"yes","no"
"R_206",-10.87,"yes","no"
"A_207",-9.6,"yes","no"
"R_208",-8.88,"yes","no"
"G_209",-11.63,"yes","no"
"L_210",-13.07,"yes","no"
"P_211",-11.9,"yes","no"
"V_212",-13.25,"yes","no"
"A_213",-9.57,"yes","no"
"S_214",-3.86,"no","no"
"V_215",-11.59,"yes","no"
"T_216",-7.58,"in_gray_zone","no"
"S_217",-6.16,"no","no"
"M_218",-4.61,"no","no"
"E_219",-8.55,"yes","no"
"P_220",-5.11,"no","no"
"L_221",-4.78,"no","no"
"D_222",-7.06,"in_gray_zone","no"
"L_223",-5.41,"no","no"
"S_224",-4.96,"no","no"
"G_225",-7.72,"in_gray_zone","no"
"A_226",-12.29,"yes","no"
"R_227",-10.36,"yes","no"
"E_228",-7.47,"in_gray_zone","no"
"A_229",-10.53,"yes","no"
"L_230",-14.91,"yes","no"
"R_231",-8.13,"in_gray_zone","no"
"K_232",-5.42,"no","no"
"V_233",-11.17,"yes","no"
"R_234",-9.27,"yes","no"
"D_235",-8.5,"yes","no"
"G_236",-7.15,"in_gray_zone","no"
"P_237",-7.22,"in_gray_zone","no"
"R_238",-6.96,"in_gray_zone","no"
"V_239",-8.72,"yes","no"
"T_240",-4.28,"no","no"
"A_241",-10.89,"yes","no"
"V_242",-13.11,"yes","no"
"I_243",-9.28,"yes","no"
"M_244",-11.6,"yes","no"
"V_245",-10.46,"yes","no"
"M_246",-13.77,"yes","no"
"H_247",-14.64,"yes","no"
"S_248",-10.39,"yes","no"
"V_249",-12.44,"yes","no"
"L_250",-13.16,"yes","no"
"L_251",-10.56,"yes","no"
"G_252",-12.88,"yes","no"
"G_253",-12.53,"yes","no"
"E_254",-8.2,"in_gray_zone","no"
"E_255",-7.22,"in_gray_zone","no"
"Q_256",-12.51,"yes","no"
"R_257",-7.39,"in_gray_zone","no"
"Y_258",-2.17,"no","no"
"L_259",-13.81,"yes","no"
"L_260",-14.96,"yes","no"
"E_261",-8.29,"in_gray_zone","no"
"A_262",-10.97,"yes","no"
"A_263",-14.86,"yes","no"
"E_264",-8.48,"in_gray_zone","no"
"E_265",-8.81,"yes","no"
"L_266",-11.55,"yes","no"
"G_267",-11.69,"yes","no"
"L_268",-12.84,"yes","no"
"T_269",-10.12,"yes","no"
"D_270",-10.2,"yes","no"
"G_271",-12.23,"yes","no"
"S_272",-9.26,"yes","no"
"L_273",-10.67,"yes","no"
"V_274",-11.68,"yes","no"
"F_275",-16.22,"yes","no"
"L_276",-13.17,"yes","no"
"P_277",-15.08,"yes","no"
"F_278",-13,"yes","no"
"D_279",-12.83,"yes","no"
"T_280",-11.5,"yes","no"
"I_281",-6.69,"in_gray_zone","no"
"H_282",-14.68,"yes","no"
"Y_283",-12.77,"yes","no"
"A_284",-11.89,"yes","no"
"L_285",-11.75,"yes","no"
"S_286",-6.22,"no","no"
"P_287",-12.04,"yes","no"
"G_288",-7.32,"in_gray_zone","no"
"P_289",-9.41,"yes","no"
"E_290",-6.1,"no","no"
"A_291",-9.41,"yes","no"
"L_292",-8.57,"yes","no"
"A_293",-9.21,"yes","no"
"A_294",-7.56,"in_gray_zone","no"
"L_295",-10.21,"yes","no"
"A_296",-10.5,"yes","no"
"N_297",-12.56,"yes","no"
"S_298",-10.92,"yes","no"
"S_299",-10.25,"yes","no"
"Q_300",-4.53,"no","no"
"L_301",-12.42,"yes","no"
"R_302",-11.11,"yes","no"
"R_303",-9.09,"yes","no"
"A_304",-11.69,"yes","no"
"H_305",-12.15,"yes","no"
"D_306",-8.43,"in_gray_zone","no"
"A_307",-14.33,"yes","no"
"V_308",-14.23,"yes","no"
"L_309",-14.52,"yes","no"
"T_310",-12.89,"yes","no"
"L_311",-12.9,"yes","no"
"T_312",-13.56,"yes","no"
"R_313",-8.8,"yes","no"
"H_314",-7.91,"in_gray_zone","no"
"C_315",-4.99,"no","no"
"P_316",-11.18,"yes","no"
"S_317",-5.09,"no","no"
"E_318",-5,"no","no"
"G_319",-7.04,"in_gray_zone","no"
"S_320",-5.42,"no","no"
"V_321",-10.04,"yes","no"
"L_322",-7.72,"in_gray_zone","no"
"D_323",-6.21,"no","no"
"S_324",-7.69,"in_gray_zone","no"
"L_325",-13.5,"yes","no"
"R_326",-10.14,"yes","no"
"R_327",-8.12,"in_gray_zone","no"
"A_328",-12.24,"yes","no"
"Q_329",-8.88,"yes","no"
"E_330",-8.68,"yes","no"
"R_331",-7.71,"in_gray_zone","no"
"R_332",-7.1,"in_gray_zone","no"
"E_333",-12.49,"yes","no"
"L_334",-11.58,"yes","no"
"P_335",-10.91,"yes","no"
"S_336",-5.54,"no","no"
"D_337",-7.45,"in_gray_zone","no"
"L_338",-14.14,"yes","no"
"N_339",-5.86,"no","no"
"L_340",-7.03,"in_gray_zone","no"
"Q_341",-6.83,"in_gray_zone","no"
"Q_342",-10.59,"yes","no"
"V_343",-14.34,"yes","no"
"S_344",-10.92,"yes","no"
"P_345",-15.31,"yes","no"
"L_346",-13.81,"yes","no"
"F_347",-16.44,"yes","no"
"G_348",-12.24,"yes","no"
"T_349",-12.36,"yes","no"
"I_350",-14.74,"yes","no"
"Y_351",-11.64,"yes","no"
"D_352",-8.66,"yes","no"
"A_353",-12.68,"yes","no"
"V_354",-14.78,"yes","no"
"F_355",-8.08,"in_gray_zone","no"
"L_356",-10.67,"yes","no"
"L_357",-11.2,"yes","no"
"A_358",-12.04,"yes","no"
"R_359",-9.01,"yes","no"
"G_360",-9.85,"yes","no"
"V_361",-8.73,"yes","no"
"A_362",-8.56,"yes","no"
"E_363",-6.34,"no","no"
"A_364",-11.08,"yes","no"
"R_365",-8.33,"in_gray_zone","no"
"A_366",-7.77,"in_gray_zone","no"
"A_367",-9.33,"yes","no"
"A_368",-7.72,"in_gray_zone","no"
"G_369",-11.04,"yes","no"
"G_370",-8.63,"yes","no"
"R_371",-4.91,"no","no"
"W_372",-10.5,"yes","no"
"V_373",-8.88,"yes","no"
"S_374",-8.96,"yes","no"
"G_375",-10.06,"yes","no"
"A_376",-9.63,"yes","no"
"A_377",-8.31,"in_gray_zone","no"
"V_378",-14.71,"yes","no"
"A_379",-12.89,"yes","no"
"R_380",-8.5,"yes","no"
"H_381",-7.17,"in_gray_zone","no"
"I_382",-10.59,"yes","no"
"R_383",-10.04,"yes","no"
"D_384",-8.92,"yes","no"
"A_385",-6.74,"in_gray_zone","no"
"Q_386",-6.61,"in_gray_zone","no"
"V_387",-10.54,"yes","no"
"P_388",-6.21,"no","no"
"G_389",-11.69,"yes","no"
"F_390",-10.77,"yes","no"
"C_391",-7.79,"in_gray_zone","no"
"G_392",-7.96,"in_gray_zone","no"
"D_393",-4.12,"no","no"
"L_394",-6.8,"in_gray_zone","no"
"G_395",-8.33,"in_gray_zone","no"
"G_396",-6.75,"in_gray_zone","no"
"D_397",-5.36,"no","no"
"E_398",-6.7,"in_gray_zone","no"
"E_399",-6.93,"in_gray_zone","no"
"P_400",-6.03,"no","no"
"P_401",-7.87,"in_gray_zone","no"
"F_402",-8.35,"in_gray_zone","no"
"V_403",-10.13,"yes","no"
"L_404",-11.18,"yes","no"
"L_405",-9.03,"yes","no"
"D_406",-12.54,"yes","no"
"T_407",-12.79,"yes","no"
"D_408",-12.63,"yes","no"
"A_409",-10.34,"yes","no"
"A_410",-5.43,"no","no"
"G_411",-14.01,"yes","no"
"D_412",-10.82,"yes","no"
"R_413",-11.14,"yes","no"
"L_414",-10.46,"yes","no"
"F_415",-12.34,"yes","no"
"A_416",-9.2,"yes","no"
"T_417",-12.5,"yes","no"
"Y_418",-11.33,"yes","no"
"M_419",-4.15,"no","no"
"L_420",-11.06,"yes","no"
"D_421",-7.19,"in_gray_zone","no"
"P_422",-9.83,"yes","no"
"A_423",-6.85,"in_gray_zone","no"
"R_424",-4.7,"no","no"
"G_425",-8.1,"in_gray_zone","no"
"S_426",-5.3,"no","no"
"F_427",-9.38,"yes","no"
"L_428",-4.75,"no","no"
"S_429",-4.34,"no","no"
"A_430",-7.78,"in_gray_zone","no"
"G_431",-9.98,"yes","no"
"T_432",-5.45,"no","no"
"R_433",-4.65,"no","no"
"M_434",-5.53,"no","no"
"H_435",-9.68,"yes","no"
"F_436",-13.92,"yes","no"
"P_437",-9.73,"yes","no"
"R_438",-10.49,"yes","no"
"G_439",-11.33,"yes","no"
"G_440",-8.73,"yes","no"
"S_441",-6.01,"no","no"
"A_442",-6.56,"in_gray_zone","no"
"P_443",-13.04,"yes","no"
"G_444",-6.9,"in_gray_zone","no"
"P_445",-8.51,"yes","no"
"D_446",-9.47,"yes","no"
"P_447",-10.31,"yes","no"
"S_448",-8.19,"in_gray_zone","no"
"C_449",-15.14,"yes","no"
"W_450",-11.8,"yes","no"
"F_451",-14.04,"yes","no"
"D_452",-9.24,"yes","no"
"P_453",-9.98,"yes","no"
"N_454",-6.23,"no","no"
"N_455",-1.13,"no","no"
"I_456",-10.23,"yes","no"
"C_457",-14.54,"yes","no"
"G_458",-4.21,"no","no"
"G_459",-11.67,"yes","no"
"G_460",-11.78,"yes","no"
"L_461",-8.14,"in_gray_zone","no"
"E_462",-11.31,"yes","no"
"P_463",-8.28,"in_gray_zone","no"
"G_464",-8.74,"yes","no"
"L_465",-9.62,"yes","no"
"V_466",-10.03,"yes","no"
"F_467",-9.27,"yes","no"
"L_468",-11.26,"yes","no"
"G_469",-8.96,"yes","no"
"F_470",-8.08,"in_gray_zone","no"
"L_471",-9.53,"yes","no"
"L_472",-9.73,"yes","no"
"V_473",-9.32,"yes","no"
"V_474",-8.86,"yes","no"
"G_475",-7.78,"in_gray_zone","no"
"M_476",-7.73,"in_gray_zone","no"
"G_477",-9.5,"yes","no"
"L_478",-9.37,"yes","no"
"A_479",-10.78,"yes","no"
"G_480",-10.28,"yes","no"
"A_481",-12.21,"yes","no"
"F_482",-8.98,"yes","no"
"L_483",-9.19,"yes","no"
"A_484",-9.29,"yes","no"
"H_485",-11.11,"yes","no"
"Y_486",-7.32,"in_gray_zone","no"
"V_487",-5.73,"no","no"
"R_488",-13.11,"yes","no"
"H_489",-8.71,"yes","no"
"R_490",-10.4,"yes","no"
"L_491",-11.97,"yes","no"
"L_492",-8.27,"in_gray_zone","no"
"H_493",-10.47,"yes","no"
"M_494",-6.85,"in_gray_zone","no"
"Q_495",-12.43,"yes","no"
"M_496",-11.21,"yes","no"
"V_497",-10.37,"yes","no"
"S_498",-9.3,"yes","no"
"G_499",-14.25,"yes","no"
"P_500",-13.07,"yes","no"
"N_501",-11.66,"yes","no"
"K_502",-12.4,"yes","no"
"I_503",-14.29,"yes","no"
"I_504",-11.7,"yes","no"
"L_505",-14.24,"yes","no"
"T_506",-11.62,"yes","no"
"V_507",-5.81,"no","no"
"D_508",-6.1,"no","no"
"D_509",-14.36,"yes","no"
"I_510",-8.55,"yes","no"
"T_511",-9.07,"yes","no"
"F_512",-13.67,"yes","no"
"L_513",-10.09,"yes","no"
"H_514",-8.44,"in_gray_zone","no"
"P_515",-9.55,"yes","no"
"H_516",-4.21,"no","no"
"G_517",-4.1,"no","no"
"G_518",-4.85,"no","no"
"T_519",-4.16,"no","no"
"S_520",-5.12,"no","no"
"R_521",-4.93,"no","no"
"K_522",-5.12,"no","no"
"V_523",-3.22,"no","no"
"A_524",-4.94,"no","no"
"Q_525",-4.49,"no","no"
"G_526",-6.46,"no","no"
"S_527",-8.86,"yes","no"
"R_528",-7.11,"in_gray_zone","no"
"S_529",-5.63,"no","no"
"S_530",-6.53,"in_gray_zone","no"
"L_531",-8.17,"in_gray_zone","no"
"G_532",-4.51,"no","no"
"A_533",-8.16,"in_gray_zone","no"
"R_534",-6.2,"no","no"
"S_535",-10.37,"yes","no"
"M_536",-3.49,"no","no"
"S_537",-5.58,"no","no"
"D_538",-3.28,"no","no"
"I_539",-5.93,"no","no"
"R_540",-7.66,"in_gray_zone","no"
"S_541",-4.89,"no","no"
"G_542",-4.39,"no","no"
"P_543",-5.33,"no","no"
"S_544",-5.23,"no","no"
"Q_545",-5.89,"no","no"
"H_546",-4.57,"no","no"
"L_547",-4.57,"no","no"
"D_548",-6.91,"in_gray_zone","no"
"S_549",-5.07,"no","no"
"P_550",-1.57,"no","no"
"N_551",-8.18,"in_gray_zone","no"
"I_552",-10.11,"yes","no"
"G_553",-5.79,"no","no"
"V_554",-8.05,"in_gray_zone","no"
"Y_555",-9.77,"yes","no"
"E_556",-13.34,"yes","no"
"G_557",-13.14,"yes","no"
"D_558",-9.1,"yes","no"
"R_559",-6.91,"in_gray_zone","no"
"V_560",-11.16,"yes","no"
"W_561",-7.89,"in_gray_zone","no"
"L_562",-14.05,"yes","no"
"K_563",-11.16,"yes","no"
"K_564",-10.34,"yes","no"
"F_565",-11.76,"yes","no"
"P_566",-11.31,"yes","no"
"G_567",-9.55,"yes","no"
"D_568",-10.28,"yes","no"
"Q_569",-6.31,"no","no"
"H_570",-11.27,"yes","no"
"I_571",-9.03,"yes","no"
"A_572",-7.63,"in_gray_zone","no"
"I_573",-12,"yes","no"
"R_574",-10.98,"yes","no"
"P_575",-13.48,"yes","no"
"A_576",-10.53,"yes","no"
"T_577",-11.83,"yes","no"
"K_578",-11.79,"yes","no"
"T_579",-6.99,"in_gray_zone","no"
"A_580",-11.59,"yes","no"
"F_581",-14.54,"yes","no"
"S_582",-9.59,"yes","no"
"K_583",-10.43,"yes","no"
"L_584",-10.46,"yes","no"
"Q_585",-5.8,"no","no"
"E_586",-11.41,"yes","no"
"L_587",-12.37,"yes","no"
"R_588",-12.87,"yes","no"
"H_589",-10.61,"yes","no"
"E_590",-12.41,"yes","no"
"N_591",-15.82,"yes","no"
"V_592",-13.87,"yes","no"
"A_593",-12.51,"yes","no"
"L_594",-10.02,"yes","no"
"Y_595",-13.52,"yes","no"
"L_596",-10.49,"yes","no"
"G_597",-13.09,"yes","no"
"L_598",-10.77,"yes","no"
"F_599",-11.25,"yes","no"
"L_600",-8.2,"in_gray_zone","no"
"A_601",-9.24,"yes","no"
"R_602",-5.46,"no","no"
"G_603",-10.04,"yes","no"
"A_604",-5.31,"no","no"
"E_605",-4.69,"no","no"
"G_606",-7.06,"in_gray_zone","no"
"P_607",-6.02,"no","no"
"A_608",-5.86,"no","no"
"A_609",-5.55,"no","no"
"L_610",-4.12,"no","no"
"W_611",-2.48,"no","no"
"E_612",-5.14,"no","no"
"G_613",-6.55,"in_gray_zone","no"
"N_614",-1.98,"no","no"
"L_615",-7.98,"in_gray_zone","no"
"A_616",-13.59,"yes","no"
"V_617",-10.03,"yes","no"
"V_618",-13.51,"yes","no"
"S_619",-7.75,"in_gray_zone","no"
"E_620",-13.11,"yes","no"
"H_621",-10.3,"yes","no"
"C_622",-13.24,"yes","no"
"T_623",-7.35,"in_gray_zone","no"
"R_624",-12.23,"yes","no"
"G_625",-12.43,"yes","no"
"S_626",-14.74,"yes","no"
"L_627",-15.72,"yes","no"
"Q_628",-8.15,"in_gray_zone","no"
"D_629",-13.18,"yes","no"
"L_630",-12.17,"yes","no"
"L_631",-13.65,"yes","no"
"A_632",-6.84,"in_gray_zone","no"
"Q_633",-6.34,"no","no"
"R_634",-8.63,"yes","no"
"E_635",-8.75,"yes","no"
"I_636",-10.18,"yes","no"
"K_637",-9.51,"yes","no"
"L_638",-15.86,"yes","no"
"D_639",-13.44,"yes","no"
"W_640",-14.48,"yes","no"
"M_641",-12.64,"yes","no"
"F_642",-12.69,"yes","no"
"K_643",-13.83,"yes","no"
"S_644",-13.62,"yes","no"
"S_645",-17.59,"yes","no"
"L_646",-16.45,"yes","no"
"L_647",-15.71,"yes","no"
"L_648",-12.77,"yes","no"
"D_649",-14.99,"yes","no"
"L_650",-15.05,"yes","no"
"I_651",-12.82,"yes","no"
"K_652",-15.47,"yes","no"
"G_653",-14,"yes","no"
"I_654",-10.88,"yes","no"
"R_655",-11.43,"yes","no"
"Y_656",-15.19,"yes","no"
"L_657",-17.64,"yes","no"
"H_658",-14.93,"yes","no"
"H_659",-12.05,"yes","no"
"R_660",-12.32,"yes","no"
"G_661",-9.48,"yes","no"
"V_662",-9.78,"yes","no"
"A_663",-9.46,"yes","no"
"H_664",-14.99,"yes","no"
"G_665",-15.99,"yes","no"
"R_666",-12.15,"yes","no"
"L_667",-16.24,"yes","no"
"K_668",-12.76,"yes","no"
"S_669",-13.84,"yes","no"
"R_670",-11.99,"yes","no"
"N_671",-15.46,"yes","no"
"C_672",-14.43,"yes","no"
"I_673",-8.26,"in_gray_zone","no"
"V_674",-15.51,"yes","no"
"D_675",-14.29,"yes","no"
"G_676",-13.13,"yes","no"
"R_677",-11.46,"yes","no"
"F_678",-13.39,"yes","no"
"V_679",-13.72,"yes","no"
"L_680",-15.54,"yes","no"
"K_681",-16.14,"yes","no"
"I_682",-14.1,"yes","no"
"T_683",-11.79,"yes","no"
"D_684",-13.25,"yes","no"
"H_685",-12.72,"yes","no"
"G_686",-13.67,"yes","no"
"H_687",-9.01,"yes","no"
"G_688",-7.38,"in_gray_zone","no"
"R_689",-3.8,"no","no"
"L_690",-11.19,"yes","no"
"L_691",-11.12,"yes","no"
"E_692",-10.3,"yes","no"
"A_693",-11.11,"yes","no"
"Q_694",-12.5,"yes","no"
"K_695",-7.06,"in_gray_zone","no"
"V_696",-8.7,"yes","no"
"L_697",-6.87,"in_gray_zone","no"
"P_698",-9.14,"yes","no"
"E_699",-6.7,"in_gray_zone","no"
"P_700",-9.92,"yes","no"
"P_701",-9.14,"yes","no"
"R_702",-5.9,"no","no"
"A_703",-9.85,"yes","no"
"E_704",-7.71,"in_gray_zone","no"
"D_705",-10.43,"yes","no"
"Q_706",-10.94,"yes","no"
"L_707",-12.22,"yes","no"
"W_708",-14.38,"yes","no"
"T_709",-10,"yes","no"
"A_710",-17.4,"yes","no"
"P_711",-16.51,"yes","no"
"E_712",-17.41,"yes","no"
"L_713",-14.04,"yes","no"
"L_714",-14.84,"yes","no"
"R_715",-13.45,"yes","no"
"D_716",-7.82,"in_gray_zone","no"
"P_717",-10.23,"yes","no"
"A_718",-7.74,"in_gray_zone","no"
"L_719",-9.36,"yes","no"
"E_720",-9.1,"yes","no"
"R_721",-8.13,"in_gray_zone","no"
"R_722",-7.87,"in_gray_zone","no"
"G_723",-16.25,"yes","no"
"T_724",-11.3,"yes","no"
"L_725",-9.29,"yes","no"
"A_726",-8.77,"yes","no"
"G_727",-15,"yes","no"
"D_728",-14.83,"yes","no"
"V_729",-13.1,"yes","no"
"F_730",-15.21,"yes","no"
"S_731",-14.05,"yes","no"
"L_732",-11.59,"yes","no"
"A_733",-11.67,"yes","no"
"I_734",-16.13,"yes","no"
"I_735",-14.58,"yes","no"
"M_736",-10.41,"yes","no"
"Q_737",-12.61,"yes","no"
"E_738",-14.17,"yes","no"
"V_739",-15.56,"yes","no"
"V_740",-12.84,"yes","no"
"C_741",-11.47,"yes","no"
"R_742",-13.05,"yes","no"
"S_743",-11.34,"yes","no"
"A_744",-8.09,"in_gray_zone","no"
"P_745",-17.89,"yes","no"
"Y_746",-12.04,"yes","no"
"A_747",-10.27,"yes","no"
"M_748",-12.36,"yes","no"
"L_749",-12.65,"yes","no"
"E_750",-6.1,"no","no"
"L_751",-12.41,"yes","no"
"T_752",-7.42,"in_gray_zone","no"
"P_753",-9.4,"yes","no"
"E_754",-10.08,"yes","no"
"E_755",-12.74,"yes","no"
"V_756",-14.21,"yes","no"
"V_757",-11.4,"yes","no"
"Q_758",-7.52,"in_gray_zone","no"
"R_759",-11.57,"yes","no"
"V_760",-12.03,"yes","no"
"R_761",-9,"yes","no"
"S_762",-7.18,"in_gray_zone","no"
"P_763",-13.63,"yes","no"
"P_764",-13.04,"yes","no"
"P_765",-13.56,"yes","no"
"L_766",-10.98,"yes","no"
"C_767",-14.63,"yes","no"
"R_768",-11.08,"yes","no"
"P_769",-15.14,"yes","no"
"L_770",-7.21,"in_gray_zone","no"
"V_771",-10.83,"yes","no"
"S_772",-10.11,"yes","no"
"M_773",-8.2,"in_gray_zone","no"
"D_774",-11.42,"yes","no"
"Q_775",-9.67,"yes","no"
"A_776",-12.94,"yes","no"
"P_777",-15.27,"yes","no"
"V_778",-6.7,"in_gray_zone","no"
"E_779",-14.37,"yes","no"
"C_780",-14.64,"yes","no"
"I_781",-11.12,"yes","no"
"L_782",-6.2,"no","no"
"L_783",-13.08,"yes","no"
"M_784",-13.71,"yes","no"
"K_785",-12.05,"yes","no"
"Q_786",-13.33,"yes","no"
"C_787",-13.99,"yes","no"
"W_788",-13.88,"yes","no"
"A_789",-10.35,"yes","no"
"E_790",-14.09,"yes","no"
"Q_791",-8.66,"yes","no"
"P_792",-12.45,"yes","no"
"E_793",-9.32,"yes","no"
"L_794",-5.95,"no","no"
"R_795",-15.56,"yes","no"
"P_796",-15.15,"yes","no"
"S_797",-7.92,"in_gray_zone","no"
"M_798",-5.88,"no","no"
"D_799",-11.7,"yes","no"
"H_800",-6.22,"no","no"
"T_801",-11.6,"yes","no"
"F_802",-11.03,"yes","no"
"D_803",-9.46,"yes","no"
"L_804",-6.85,"in_gray_zone","no"
"F_805",-14.87,"yes","no"
"K_806",-11.86,"yes","no"
"N_807",-4.29,"no","no"
"I_808",-11.98,"yes","no"
"N_809",-13.81,"yes","no"
"K_810",-10.56,"yes","no"
"G_811",-14.73,"yes","no"
"R_812",-11.99,"yes","no"
"K_813",-11.44,"yes","no"
"T_814",-10.33,"yes","no"
"N_815",-12.77,"yes","no"
"I_816",-14.68,"yes","no"
"I_817",-11.23,"yes","no"
"D_818",-14.94,"yes","no"
"S_819",-13.08,"yes","no"
"M_820",-14.67,"yes","no"
"L_821",-13.98,"yes","no"
"R_822",-10.52,"yes","no"
"M_823",-14.14,"yes","no"
"L_824",-15.92,"yes","no"
"E_825",-15.08,"yes","no"
"Q_826",-14.4,"yes","no"
"Y_827",-15.18,"yes","no"
"S_828",-15.66,"yes","no"
"S_829",-10.81,"yes","no"
"N_830",-12.68,"yes","no"
"L_831",-16.8,"yes","no"
"E_832",-12.76,"yes","no"
"D_833",-9.82,"yes","no"
"L_834",-15.42,"yes","no"
"I_835",-16.38,"yes","no"
"R_836",-12.49,"yes","no"
"E_837",-12.36,"yes","no"
"R_838",-12.45,"yes","no"
"T_839",-16.37,"yes","no"
"E_840",-12.72,"yes","no"
"E_841",-11.39,"yes","no"
"L_842",-15.28,"yes","no"
"E_843",-11.54,"yes","no"
"L_844",-7.99,"in_gray_zone","no"
"E_845",-14.98,"yes","no"
"K_846",-14.94,"yes","no"
"Q_847",-12.32,"yes","no"
"K_848",-13.41,"yes","no"
"T_849",-13.45,"yes","no"
"D_850",-13.53,"yes","no"
"R_851",-10.72,"yes","no"
"L_852",-16.17,"yes","no"
"L_853",-16.48,"yes","no"
"T_854",-13.26,"yes","no"
"Q_855",-14.33,"yes","no"
"M_856",-14.88,"yes","no"
"L_857",-16.92,"yes","no"
"P_858",-16.57,"yes","no"
"P_859",-10.97,"yes","no"
"S_860",-11.01,"yes","no"
"V_861",-14.9,"yes","no"
"A_862",-15.82,"yes","no"
"E_863",-11.61,"yes","no"
"A_864",-13.48,"yes","no"
"L_865",-17.4,"yes","no"
"K_866",-14.94,"yes","no"
"T_867",-5.65,"no","no"
"G_868",-14.5,"yes","no"
"T_869",-9.46,"yes","no"
"P_870",-11.6,"yes","no"
"V_871",-14.94,"yes","no"
"E_872",-9.78,"yes","no"
"P_873",-14.12,"yes","no"
"E_874",-13.26,"yes","no"
"Y_875",-10.82,"yes","no"
"F_876",-15.38,"yes","no"
"E_877",-10.78,"yes","no"
"Q_878",-8.46,"in_gray_zone","no"
"V_879",-14.98,"yes","no"
"T_880",-14.38,"yes","no"
"L_881",-15.29,"yes","no"
"Y_882",-16.3,"yes","no"
"F_883",-16.81,"yes","no"
"S_884",-17.3,"yes","no"
"D_885",-14.89,"yes","no"
"I_886",-17.29,"yes","no"
"V_887",-15.39,"yes","no"
"G_888",-12.98,"yes","no"
"F_889",-18.45,"yes","no"
"T_890",-15.61,"yes","no"
"T_891",-11.84,"yes","no"
"I_892",-16.66,"yes","no"
"S_893",-15.36,"yes","no"
"A_894",-16.32,"yes","no"
"M_895",-9.54,"yes","no"
"S_896",-15.65,"yes","no"
"E_897",-14.76,"yes","no"
"P_898",-16.81,"yes","no"
"I_899",-14.4,"yes","no"
"E_900",-16.11,"yes","no"
"V_901",-15.6,"yes","no"
"V_902",-17.35,"yes","no"
"D_903",-13.76,"yes","no"
"L_904",-16.07,"yes","no"
"L_905",-16.93,"yes","no"
"N_906",-14.67,"yes","no"
"D_907",-13.87,"yes","no"
"L_908",-16.02,"yes","no"
"Y_909",-17.41,"yes","no"
"T_910",-15.04,"yes","no"
"L_911",-13.15,"yes","no"
"F_912",-15.56,"yes","no"
"D_913",-14.65,"yes","no"
"A_914",-13.92,"yes","no"
"I_915",-14.76,"yes","no"
"I_916",-15.45,"yes","no"
"G_917",-12.16,"yes","no"
"S_918",-11.31,"yes","no"
"H_919",-16.19,"yes","no"
"D_920",-14.96,"yes","no"
"V_921",-15.69,"yes","no"
"Y_922",-16.44,"yes","no"
"K_923",-16.25,"yes","no"
"V_924",-16.18,"yes","no"
"E_925",-15.52,"yes","no"
"T_926",-15.5,"yes","no"
"I_927",-18.3,"yes","no"
"G_928",-13.86,"yes","no"
"D_929",-13.71,"yes","no"
"A_930",-16.27,"yes","no"
"Y_931",-15.4,"yes","no"
"M_932",-15.72,"yes","no"
"V_933",-16.56,"yes","no"
"A_934",-14.73,"yes","no"
"S_935",-18.22,"yes","no"
"G_936",-16.68,"yes","no"
"L_937",-15.35,"yes","no"
"P_938",-16.2,"yes","no"
"Q_939",-5.55,"no","no"
"R_940",-14.05,"yes","no"
"N_941",-14.94,"yes","no"
"G_942",-13.32,"yes","no"
"Q_943",-6.02,"no","no"
"R_944",-11.34,"yes","no"
"H_945",-15.17,"yes","no"
"A_946",-15.71,"yes","no"
"A_947",-12.22,"yes","no"
"E_948",-15.34,"yes","no"
"I_949",-14.14,"yes","no"
"A_950",-17.67,"yes","no"
"N_951",-11.95,"yes","no"
"M_952",-14.32,"yes","no"
"S_953",-14.44,"yes","no"
"L_954",-16.34,"yes","no"
"D_955",-13.58,"yes","no"
"I_956",-13.98,"yes","no"
"L_957",-15.85,"yes","no"
"S_958",-10.86,"yes","no"
"A_959",-10.76,"yes","no"
"V_960",-13.46,"yes","no"
"G_961",-13.64,"yes","no"
"T_962",-8.71,"yes","no"
"F_963",-14.26,"yes","no"
"R_964",-10.83,"yes","no"
"M_965",-14.93,"yes","no"
"R_966",-13.78,"yes","no"
"H_967",-16.7,"yes","no"
"M_968",-12.04,"yes","no"
"P_969",-16.28,"yes","no"
"E_970",-9.09,"yes","no"
"V_971",-13.75,"yes","no"
"P_972",-13.95,"yes","no"
"V_973",-13.83,"yes","no"
"R_974",-12.73,"yes","no"
"I_975",-15.43,"yes","no"
"R_976",-15.32,"yes","no"
"I_977",-13.64,"yes","no"
"G_978",-18.19,"yes","no"
"L_979",-14.01,"yes","no"
"H_980",-12.27,"yes","no"
"S_981",-13.81,"yes","no"
"G_982",-14.96,"yes","no"
"P_983",-13.74,"yes","no"
"C_984",-13.67,"yes","no"
"V_985",-14.55,"yes","no"
"A_986",-15.93,"yes","no"
"G_987",-15.24,"yes","no"
"V_988",-17.03,"yes","no"
"V_989",-15.75,"yes","no"
"G_990",-16.06,"yes","no"
"L_991",-11.96,"yes","no"
"T_992",-14.37,"yes","no"
"M_993",-15.92,"yes","no"
"P_994",-17.09,"yes","no"
"R_995",-13.45,"yes","no"
"Y_996",-16.69,"yes","no"
"C_997",-17.07,"yes","no"
"L_998",-17.6,"yes","no"
"F_999",-17.9,"yes","no"
"G_1000",-16.42,"yes","no"
"D_1001",-17.15,"yes","no"
"T_1002",-12.4,"yes","no"
"V_1003",-17.48,"yes","no"
"N_1004",-15.47,"yes","no"
"T_1005",-14.22,"yes","no"
"A_1006",-17.29,"yes","no"
"S_1007",-15.01,"yes","no"
"R_1008",-13.45,"yes","no"
"M_1009",-14.89,"yes","no"
"E_1010",-16.7,"yes","no"
"S_1011",-15.99,"yes","no"
"T_1012",-11.66,"yes","no"
"G_1013",-14.83,"yes","no"
"L_1014",-11.62,"yes","no"
"P_1015",-14,"yes","no"
"Y_1016",-13,"yes","no"
"R_1017",-14.34,"yes","no"
"I_1018",-16.64,"yes","no"
"H_1019",-15.49,"yes","no"
"V_1020",-12.82,"yes","no"
"N_1021",-12.01,"yes","no"
"L_1022",-7.08,"in_gray_zone","no"
"S_1023",-8.09,"in_gray_zone","no"
"T_1024",-15.02,"yes","no"
"V_1025",-12.25,"yes","no"
"G_1026",-6.3,"no","no"
"I_1027",-8.85,"yes","no"
"L_1028",-15.1,"yes","no"
"R_1029",-7.92,"in_gray_zone","no"
"A_1030",-8.87,"yes","no"
"L_1031",-11.83,"yes","no"
"D_1032",-8.07,"in_gray_zone","no"
"S_1033",-2.29,"no","no"
"G_1034",-11.73,"yes","no"
"Y_1035",-13.03,"yes","no"
"Q_1036",-9.69,"yes","no"
"V_1037",-9.14,"yes","no"
"E_1038",-10.75,"yes","no"
"L_1039",-8.86,"yes","no"
"R_1040",-14.6,"yes","no"
"G_1041",-16.29,"yes","no"
"R_1042",-10.84,"yes","no"
"T_1043",-13.94,"yes","no"
"E_1044",-10.64,"yes","no"
"L_1045",-15.34,"yes","no"
"K_1046",-15.67,"yes","no"
"G_1047",-16.47,"yes","no"
"K_1048",-16.21,"yes","no"
"G_1049",-13.61,"yes","no"
"A_1050",-7.63,"in_gray_zone","no"
"E_1051",-13.53,"yes","no"
"D_1052",-11.14,"yes","no"
"T_1053",-14.15,"yes","no"
"F_1054",-14.16,"yes","no"
"W_1055",-16.01,"yes","no"
"L_1056",-15.37,"yes","no"
"V_1057",-8.91,"yes","no"
"G_1058",-10.91,"yes","no"
"R_1059",-11.27,"yes","no"
"R_1060",-6.24,"no","no"
"G_1061",-10.24,"yes","no"
"F_1062",-13.68,"yes","no"
"N_1063",-6.26,"no","no"
"K_1064",-13.53,"yes","no"
"P_1065",-11.86,"yes","no"
"I_1066",-7.46,"in_gray_zone","no"
"P_1067",-13.63,"yes","no"
"K_1068",-5.17,"no","no"
"P_1069",-13.06,"yes","no"
"P_1070",-11.92,"yes","no"
"D_1071",-8.35,"in_gray_zone","no"
"L_1072",-10.78,"yes","no"
"Q_1073",-8.05,"in_gray_zone","no"
"P_1074",-8.09,"in_gray_zone","no"
"G_1075",-12.08,"yes","no"
"S_1076",-7.89,"in_gray_zone","no"
"S_1077",-11.4,"yes","no"
"N_1078",-12.33,"yes","no"
"H_1079",-10.66,"yes","no"
"G_1080",-10.96,"yes","no"
"I_1081",-10.37,"yes","no"
"S_1082",-8.87,"yes","no"
"L_1083",-13.09,"yes","no"
"Q_1084",-4.18,"no","no"
"E_1085",-6.22,"no","no"
"I_1086",-11.61,"yes","no"
"P_1087",-8.72,"yes","no"
"P_1088",-6.48,"no","no"
"E_1089",-8.36,"in_gray_zone","no"
"R_1090",-5.9,"no","no"
"R_1091",-8.2,"in_gray_zone","no"
"R_1092",-5.57,"no","no"
"K_1093",-3.75,"no","no"
"L_1094",-5.67,"no","no"
"E_1095",-4.4,"no","no"
"K_1096",-4.31,"no","no"
"A_1097",-4.76,"no","no"
"R_1098",-5.23,"no","no"
"P_1099",-4.41,"no","no"
"G_1100",-5.82,"no","no"
"Q_1101",-3.93,"no","no"
"F_1102",-2.37,"no","no"
"S_1103",-4.27,"no","no"
